insert into USUARIO values('joaofk', 'jfk@hotmail.com', 'cc5d89e35ce391f5265d26a247544c09', 'Comum');
insert into USUARIO values('aninha', 'ana_rs@hotmail.com', '5656a13ba4f95898b4ccc36f3bd8c099', 'Comum');
insert into USUARIO values('marioMod', 'mario_ort@gmail.com', 'cdd1ed948f058fe0b00273401c793f9a', 'Moderador');
insert into USUARIO values('kevin', 'kmit@hotmail.com', '8de1bf73885e7c7b278e4a11ff65ce71', 'Verificador');
insert into USUARIO values('mariana', 'mari12@gmail.com', '80efd28efaf1dc5685d7c6afc51a8b38', 'Moderador');
insert into USUARIO values('ariano', 'broc92@gmail.com', '80efd28efaf1dc5685d7c6afc51a8b38', 'Moderador');
insert into USUARIO values('whiteRose', 'sammy_simp@gmail.com', '80efd28efaf1dc5685d7c6afc51a8b38', 'Moderador');
insert into USUARIO values('dora', 'aventureira2020@gmail.com', '80efd28efaf1dc5685d7c6afc51a8b38', 'Moderador');
insert into USUARIO values('mutano', 'beastboy@teentitans.com', '80efd28efaf1dc5685d7c6afc51a8b38', 'Moderador');
insert into USUARIO values('henracker', 'silvoso@gmail.com', '80efd28efaf1dc5685d7c6afc51a8b38', 'Verificador');
insert into USUARIO values('colomBino', 'colombs@outlook.com', '80efd28efaf1dc5685d7c6afc51a8b38', 'Verificador');
insert into USUARIO values('jtops', 'arankar@gmail.com', '80efd28efaf1dc5685d7c6afc51a8b38', 'Verificador');
insert into USUARIO values('masterKiller', 'killows@gmail.com', '80efd28efaf1dc5685d7c6afc51a8b38', 'Verificador');


insert into MODERADOR values('marioMod', 'Exploit Checker', 'Verifica se o exploit submetido condiz com as políticas do Exploit-DB');
insert into MODERADOR values('mariana', 'Revisora de Artigos', 'Além de verificar e classificar se os artigos condizem com o site, seleciona a plataforma correta');
insert into MODERADOR values('ariano', 'Shellcode Checker', 'Verifica se o exploit ou shellcode submetido condiz com as políticas do Exploit-DB');
insert into MODERADOR values('whiteRose', 'Revisor de Artigos', 'Além de verificar e classificar se os artigos condizem com o site, seleciona a plataforma correta');
insert into MODERADOR values('dora', 'Exploit Checker', 'Verifica se o exploit submetido condiz com as políticas do Exploit-DB');
insert into MODERADOR values('mutano', 'Dork Checker', 'Verifica se o Dork submetido condiz com as políticas do Exploit-DB');


insert into VERIFICADOR values('kevin', '192.168.0.6', 'CompTIA Security+');
insert into VERIFICADOR values('henracker', '192.168.0.12', 'CISSP');
insert into VERIFICADOR values('colomBino', '192.168.0.26', 'CompTIA Security+, CEH');
insert into VERIFICADOR values('jtops', '192.168.0.22', 'CompTIA Security+, CISSP');
insert into VERIFICADOR values('masterKiller', '192.168.0.55', 'CEH');

  
insert into ENVIAVEL values('E324452967', TRUE, '2017-04-30', 'Artigo', 'aninha', 'mariana');
insert into ENVIAVEL values('E673452393', TRUE, '2017-10-02', 'Artigo', 'kevin', 'whiteRose');
insert into ENVIAVEL values('E234464458', TRUE, '2018-04-05', 'Artigo', 'dora', 'mariana');
insert into ENVIAVEL values('E587860345', TRUE, '2019-01-14', 'Artigo', 'whiteRose', 'mariana');
insert into ENVIAVEL values('E083415246', TRUE, '2016-05-29', 'Artigo', 'mariana', 'whiteRose');

insert into ENVIAVEL values('E295048935', TRUE, '2017-04-30', 'Dork', 'jtops', 'mutano');
insert into ENVIAVEL values('E328765432', TRUE, '2017-01-02', 'Dork', 'dora', 'mutano');
insert into ENVIAVEL values('E989792233', TRUE, '2018-06-05', 'Dork', 'marioMod', 'mutano');
insert into ENVIAVEL values('E387458449', TRUE, '2019-05-14', 'Dork', 'masterKiller', 'mutano');
insert into ENVIAVEL values('E364357477', TRUE, '2016-05-01', 'Dork', 'joaofk', 'mutano');

insert into ENVIAVEL values('E563673834', TRUE, '2017-10-01', 'Shellcode', 'joaofk', 'ariano');
insert into ENVIAVEL values('E456468762', TRUE, '2018-02-20', 'Shellcode', 'dora', 'ariano');
insert into ENVIAVEL values('E234239967', TRUE, '2018-12-27', 'Shellcode', 'whiteRose', 'ariano');
insert into ENVIAVEL values('E235357889', TRUE, '2019-04-05', 'Shellcode', 'henracker', 'ariano');
insert into ENVIAVEL values('E235668978', TRUE, '2019-01-12', 'Shellcode', 'colomBino', 'ariano');

insert into ENVIAVEL values('E232342367', TRUE, '2016-01-17', 'Exploit', 'mutano', 'dora');
insert into ENVIAVEL values('E965865453', TRUE, '2016-11-16', 'Exploit', 'henracker', 'dora');
insert into ENVIAVEL values('E555555555', TRUE, '2017-05-26', 'Exploit', 'colomBino', 'marioMod');
insert into ENVIAVEL values('E123123123', TRUE, '2017-12-22', 'Exploit', 'mutano', 'ariano');
insert into ENVIAVEL values('E999999999', TRUE, '2018-03-16', 'Exploit', 'aninha', 'marioMod');

insert into ENVIAVEL values('E190956999', FALSE, '2019-04-16', 'Exploit', 'aninha', NULL);
insert into ENVIAVEL values('E029568581', FALSE, '2019-04-16', 'Exploit', 'aninha', NULL);
insert into ENVIAVEL values('E997738909', FALSE, '2019-04-17', 'Exploit', 'aninha', NULL);
  
insert into ARTIGO values('E324452967', 'PT-BR', 'Windows', 'Segurança de Redes', bytea('art1.pdf'));
insert into ARTIGO values('E673452393', 'PT-BR', 'Linux', 'su Problemas', bytea('art2.pdf'));
insert into ARTIGO values('E234464458', 'EN-US', 'Java', 'types insecurity', bytea('art3.pdf'));
insert into ARTIGO values('E587860345', 'EN-US', 'Android', 'Hacking into Lenovo smartphones', bytea('art4.pdf'));
insert into ARTIGO values('E083415246', 'PT-BR', 'Windows', 'Falhas no Sistema de Arquivos', bytea('art5.pdf'));

insert into DORK values('E295048935', 'inurl:jsmol.php', 'Moodle sites using Jsmol.');
insert into DORK values('E328765432', 'intitle:\"Pi-hole Admin Console\"', 'Description: Find Pi-Hole Admin Consoles');
insert into DORK values('E989792233', 'filetype:inc php -site:github.com -site:sourceforge.net', 'Include files containing source code... and sometimes connection strings...');
insert into DORK values('E387458449', '  intitle:\"report\" (\"qualys\" | \"acunetix\" | \"nessus\" | \"netsparker\" | \"nmap\") filetype:pdf', 'This dork allows identification and detection of
vulnerabilities arising from mis-configurations or flawed programming
within a network-based asset such as a firewall, router, web server,
application server, etc from already scanned reports.');
insert into DORK values('E364357477', 'filetype:git -github.com inurl:\"/.git\"', 'Google dork description: web servers serving the git repository. This
potential flaw can be used to download content from the Web server that
might otherwise be private.');

  
insert into VERIFICAVEL values('V295048935', 'Windows', 'Microsoft Windows Remote Desktop - ''BlueKeep'' Denial of Service', bytea('exp1.py'), 'Exploit', 'E232342367');
insert into VERIFICAVEL values('V238945935', 'Windows', 'Microsoft Windows 8.1/ Server 2012 - ''Win32k.sys'' Local Privilege Escalation (MS14-058)', bytea('exp2.cpp'), 'Exploit', 'E965865453');
insert into VERIFICAVEL values('V676756234', 'Java', 'Oracle Application Testing Suite - WebLogic Server Administration Console War Deployment', bytea('exp3.rb'), 'Exploit', 'E555555555');
insert into VERIFICAVEL values('V223555935', 'Android', 'Qualcomm Android - Kernel Use-After-Free via Incorrect set_page_dirty() in KGSL', bytea('exp4.txt'), 'Exploit', 'E123123123');
insert into VERIFICAVEL values('V294353400', 'DoS', 'Free SMTP Server 2.5 - Denial of Service (PoC)', bytea('exp5.txt'), 'Exploit', 'E999999999');

insert into VERIFICAVEL values('V784341324', 'Linux_x86', 'Linux/x64 - Execve(/bin/sh) Shellcode (23 bytes)', bytea('exp1.py'), 'Shellcode', 'E563673834');
insert into VERIFICAVEL values('V944523562', 'Linux_x86', 'Linux/x86_64 - Delete File (test.txt) Shellcode (28 bytes)', bytea('exp2.c'), 'Shellcode', 'E456468762');
insert into VERIFICAVEL values('V235573533', 'Linux_x86', 'Linux/x86 - Flush IPTables Rules (/sbin/iptables -F) Shellcode (43 bytes)', bytea('exp3.rb'), 'Shellcode', 'E234239967');
insert into VERIFICAVEL values('V796765623', 'Linux_x86', 'Linux/x86 - execve(/bin/sh) Shellcode (20 bytes)', bytea('exp4.txt'), 'Shellcode', 'E235357889');
insert into VERIFICAVEL values('V157434553', 'Linux_x86', 'Linux/x86 - execve(/bin/sh) Shellcode (20 bytes)', bytea('exp5.txt'), 'Shellcode', 'E235668978');

insert into TIPO values('DoS', 'An interruption in an authorized user''s access to a computer network, typically one caused with malicious intent.');
insert into TIPO values('Local', 'Local attack is the method which is applied to hack a website in the same server.');
insert into TIPO values('Remote', 'Any malicious attack that targets any computer other than the computer the attacker is currently logged on to.');
insert into TIPO values('WebApps', 'Web applications accept user inputs, queries are constructed based on dynamic user input. If these inputs are not properly sanitised they will open a way for the attacker to launch attacks like XSS, SQL injection attack, Directory traversal attack, etc., identity theft, data theft are dangerous outcomes of this attack.');

insert into CVE values('2018-05422', 'https://nvd.nist.gov/vuln/detail/CVE-2018-05422');
insert into CVE values('2019-00613', 'https://nvd.nist.gov/vuln/detail/CVE-2019-00613');
insert into CVE values('2017-92361', 'https://nvd.nist.gov/vuln/detail/CVE-2017-92361');
insert into CVE values('2016-24352', 'https://nvd.nist.gov/vuln/detail/CVE-2016-24352');
insert into CVE values('2019-00943', 'https://nvd.nist.gov/vuln/detail/CVE-2019-00943');


insert into EXPLOIT values('V295048935', 'DoS', '2018-05422');
insert into EXPLOIT values('V238945935', 'Local', '2019-00613');
insert into EXPLOIT values('V676756234', 'Remote', '2017-92361');
insert into EXPLOIT values('V223555935', 'Remote', '2016-24352');
insert into EXPLOIT values('V294353400', 'DoS', '2019-00943');

insert into SHELLCODE values('V784341324', '2734');
insert into SHELLCODE values('V944523562', '353');
insert into SHELLCODE values('V235573533', '1244');
insert into SHELLCODE values('V796765623', '2086');
insert into SHELLCODE values('V157434553', '124');

insert into APP values('Free SMTP Server 2.5', bytea('free-smtp-server-2.5.zip'), '824');
insert into APP values('Pidgin 2.13.0', bytea('Pidgin-2.13.0.zip'), '8324');
insert into APP values('Fast AVI MPEG Joiner', bytea('Fast-AVI-MPEG-Joiner.zip'), '2804');
insert into APP values('Cyberoam Transparent Authentication Suite 2.1.2.5', bytea('CT-Authentication-Suite-2.1.2.5.zip'), '1400');
insert into APP values('Cyberoam SSLVPN Client 1.3.1.30', bytea('Cyberoam_SSLVPN_Client_1.3.1.30.zip'), '824');
  
insert into EXPLORACAO values('EX58938172', 'V295048935', 'Free SMTP Server 2.5');
insert into EXPLORACAO values('EX92458743', 'V238945935', 'Pidgin 2.13.0');
insert into EXPLORACAO values('EX49386000', 'V676756234', 'Pidgin 2.13.0');
insert into EXPLORACAO values('EX00015490', 'V223555935', NULL);
insert into EXPLORACAO values('EX88864990', 'V294353400', NULL);
  
insert into INCIDENTE values('I853200422', 'yahoo.com.br', '2015-09-28', 'WebDeface');
insert into INCIDENTE values('I349023909', 'yahoo.com.br', '2016-07-07', 'WebDeface');
insert into INCIDENTE values('I938425743', 'terra.com.br', '2016-10-12', 'Banco de dados vazados');
insert into INCIDENTE values('I043567972', 'uol.com.br', '2017-07-26', 'Banco de dados vazados');
insert into INCIDENTE values('I435067845', 'ufrgs.br', '2018-02-21', 'WebDeface');

insert into CAUSA values('C853200422', '2018-05422', 'I853200422');
insert into CAUSA values('C326023763', '2019-00613', 'I349023909');
insert into CAUSA values('C346544567', '2017-92361', 'I938425743');
insert into CAUSA values('C154674596', '2016-24352', 'I043567972');
insert into CAUSA values('C343213572', '2019-00943', 'I435067845');

insert into VAZAMENTO values('VA53200422', 'ideiaagenciadigital.com.br', '2015-09-28');
insert into VAZAMENTO values('VA49023909', 'wdsites.com.br', '2016-07-07');
insert into VAZAMENTO values('VA38425743', 'terra.com.br', '2016-10-12');
insert into VAZAMENTO values('VA43567972', 'uol.com.br', '2017-07-26');
insert into VAZAMENTO values('VA35067845', 'ufrgs.br', '2018-02-21');

insert into DADOS values('arigato@yahoo.com.br','VA53200422', TRUE, TRUE, TRUE);
insert into DADOS values('sandyjr@gmail.com','VA49023909', FALSE, TRUE, FALSE);
insert into DADOS values('asmr@outlook.com.br','VA38425743', FALSE, TRUE, TRUE);
insert into DADOS values('caixa_gov@gmail.com','VA43567972', TRUE, TRUE, TRUE);
insert into DADOS values('jorgeborracha@yahoo.com.br','VA35067845', TRUE, FALSE, TRUE);
